ID,Practice Name,Address,City,State,ZIP,Phone,Type
1,Temecula Dental Studio,31355 Rancho Vista Rd,Temecula,CA,92592,(951) 225-2008,Cosmetic & General Dentistry
2,Smile Makeover Dental,27350 Jefferson Ave,Temecula,CA,92590,(951) 225-2929,Family & Cosmetic Dentistry
3,Temecula Valley Dental Group,31355 Rancho Vista Rd,Temecula,CA,92592,(951) 209-2100,Multi-specialty Group
4,Prestige Dental Care,31311 Rancho Vista Rd,Temecula,CA,92592,(951) 225-2840,General & Cosmetic
5,Sunny Smiles Family Dental,27523 Jefferson Ave,Temecula,CA,92590,(951) 676-2010,Family Dentistry
6,Temecula Dental Solutions,32050 Margarita Rd,Temecula,CA,92592,(951) 225-3344,General Dentistry
7,Advanced Dental Care Temecula,31100 Rancho Vista Rd,Temecula,CA,92592,(951) 225-8888,General & Implant Dentistry
8,Pinnacle Dental Group,29450 Rancho California Rd,Temecula,CA,92591,(951) 225-0045,Multi-practice Group
9,Costa Rica Dental Implant Clinic,31444 Rancho Vista Rd,Temecula,CA,92592,(951) 587-8111,Implant Specialists
10,Temecula Cosmetic Dental Center,31305 Rancho Vista Rd,Temecula,CA,92592,(951) 225-1234,Cosmetic Dentistry
11,Desert Rose Dental,28500 Old Town Front St,Temecula,CA,92590,(951) 225-5555,Family & General
12,Temecula Pediatric Dentistry,31313 Rancho Vista Rd,Temecula,CA,92592,(951) 225-6767,Pediatric Specialists
13,Valley Smile Dental,27300 Jefferson Ave,Temecula,CA,92590,(951) 225-8765,General Dentistry
14,Comprehensive Dental Care,32020 Margarita Rd,Temecula,CA,92592,(951) 225-3456,General & Specialist
15,Temecula Orthodontics,31350 Rancho Vista Rd,Temecula,CA,92592,(951) 225-7890,Orthodontics Specialists
16,Bright Smile Dental Studio,29480 Rancho California Rd,Temecula,CA,92591,(951) 225-2222,General & Cosmetic
17,Gentle Care Family Dentistry,31410 Rancho Vista Rd,Temecula,CA,92592,(951) 225-4444,Family Focused
18,Temecula Emergency Dental,31300 Rancho Vista Rd,Temecula,CA,92592,(951) 225-9999,Emergency Services
19,Modern Dental Implants,32100 Margarita Rd,Temecula,CA,92592,(951) 225-5678,Implant Surgery
20,Community Dental Care,27400 Jefferson Ave,Temecula,CA,92590,(951) 225-3333,Affordable General Care
21,Temecula Smile Restoration,31330 Rancho Vista Rd,Temecula,CA,92592,(951) 225-6543,Restorative Dentistry
22,Professional Dental Group,29500 Rancho California Rd,Temecula,CA,92591,(951) 225-1111,Multi-specialty
23,Advanced Periodontal Care,31360 Rancho Vista Rd,Temecula,CA,92592,(951) 225-8811,Periodontics Specialists
24,Dental Excellence Temecula,28600 Old Town Front St,Temecula,CA,92590,(951) 225-7777,Comprehensive Care
25,Temecula Family Dental Center,31340 Rancho Vista Rd,Temecula,CA,92592,(951) 225-4567,Family Dentistry
